"SampleID","TA","Mass"
"20180529_CRM1",2218.96625413151,59.94
"20180529_CRM2",2231.33293160726,59.69
"20180529_CRM3",2240.05738568442,59.6
