"Sample.ID","TA","Mass","Tank","Type"
"20180717_Tank13",2214.24963313798,59.82,"Tank13","Tank"
"20180717_Tank10",2209.33694196497,59.73,"Tank10","Tank"
"20180717_Tank15",2209.55710905421,59.06,"Tank15","Tank"
"20180717_Tank14",2231.35209875466,59.78,"Tank14","Tank"
"20180717_Tank11",2220.36627069642,59.66,"Tank11","Tank"
"20180717_Tank12",2215.71297501388,59.79,"Tank12","Tank"
