"Sample.ID","TA","Mass","Tank","Type"
"20180717_Tank10",2217.58993265711,59.73,"Tank10","Tank"
"20180717_Tank11",2211.93027438912,59.66,"Tank11","Tank"
"20180717_Tank12",2182.55922081363,59.79,"Tank12","Tank"
"20180717_Tank13",2229.86281750036,59.82,"Tank13","Tank"
"20180717_Tank14",2215.90192581706,59.78,"Tank14","Tank"
"20180717_Tank15",2243.1170080678,59.06,"Tank15","Tank"
