Sample.ID,TA,Mass,Tank,Type
20180706_Tank10,2198.270535,59.37,Tank10,Tank
20180706_Tank11,2199.553455,59.23,Tank11,Tank
20180706_Tank12,2198.346996,59.26,Tank12,Tank
20180706_Tank13,2205.056894,59.4,Tank13,Tank
20180706_Tank14,2195.029457,59.67,Tank14,Tank
20180706_Tank15,2184.403701,59.58,Tank15,Tank
