"Sample.ID","TA","Mass","Tank","Type"
"20180706_Tank12",2202.354901613,59.26,"Tank12","Tank"
"20180706_Tank10",2194.36134252247,59.37,"Tank10","Tank"
"20180706_Tank13",2193.16138806688,59.4,"Tank13","Tank"
"20180706_Tank15",2198.38943134146,59.58,"Tank15","Tank"
"20180706_Tank14",2195.02945735457,59.67,"Tank14","Tank"
"20180706_Tank11",2197.32330134448,59.23,"Tank11","Tank"
