"Sample.ID","TA","Mass","Tank","Type"
"20180702_Tank10",2191.80395319935,59.96,"Tank10","Tank"
"20180702_Tank15",2186.82723091205,59.77,"Tank15","Tank"
"20180702_Tank11",2185.75268929289,59.26,"Tank11","Tank"
"20180702_Tank13",2183.96211793753,59.72,"Tank13","Tank"
"20180702_Tank14",2216.83966599191,59.25,"Tank14","Tank"
"20180702_Tank12",2162.05255687623,59.96,"Tank12","Tank"
