"Sample.ID","TA","Mass","Tank","Type"
"20180703_Tank10",2187.96885982093,59.48,"Tank10","Tank"
"20180703_Tank12",2182.70688668368,59.53,"Tank12","Tank"
"20180703_Tank15",2184.55336856877,59.59,"Tank15","Tank"
"20180703_Tank11",2187.28552455803,59.99,"Tank11","Tank"
"20180703_Tank14",2184.83034309514,59.84,"Tank14","Tank"
"20180703_Tank13",2180.37898209841,59.96,"Tank13","Tank"
