"Sample.ID","TA","Mass","Tank","Type"
"20180703_Tank10",2187.96885982093,59.48,"Tank10","Tank"
"20180703_Tank11",2165.9544453942,59.99,"Tank11","Tank"
"20180703_Tank12",2186.75653291158,59.53,"Tank12","Tank"
"20180703_Tank13",2188.38159673509,59.96,"Tank13","Tank"
"20180703_Tank14",2184.83034309514,59.84,"Tank14","Tank"
"20180703_Tank15",2193.93134819636,59.59,"Tank15","Tank"
