"Sample.ID","TA","Mass","Tank","Type"
"20180707_Tank15",2203.47222183401,59.86,"Tank15","Tank"
"20180707_Tank13",2189.76713960384,59.74,"Tank13","Tank"
"20180707_Tank10",2191.31415509105,59.64,"Tank10","Tank"
"20180707_Tank12",2193.28912736984,59.6,"Tank12","Tank"
"20180707_Tank11",2197.99518438618,59.33,"Tank11","Tank"
"20180707_Tank14",2195.7227832185,59.7,"Tank14","Tank"
