Sample.ID,TA,Mass,Tank,Type
20180623_JUNK,2250.697364,59.66,JUNK,JUNK
20180623_CRM1,2209.769913,59.51,CRM1,CRM
20180623_CRM2,2205.115679,59.41,CRM2,CRM
