Sample.ID,TA,Mass,Tank,Type
20180623_Tank10,2188.484187,59.2,Tank10,Tank
20180623_Tank11,2160.427108,59.4,Tank11,Tank
20180623_Tank12,2182.188834,59.04,Tank12,Tank
20180623_Tank13,2179.559317,59.09,Tank13,Tank
20180623_Tank14,2169.047245,59.57,Tank14,Tank
20180623_Tank15,2176.4671,59.15,Tank15,Tank
20180623_Conical16,2165.540624,59.28,Conical16,Conical
20180623_Conical17,2173.761005,59.09,Conical17,Conical
20180623_Conical18,2195.905592,59.21,Conical18,Conical
