"Sample.ID","TA","Mass","Tank","Type"
"20180623_Tank11",2181.10997193711,59.4,"Tank11","Tank"
"20180623_Tank12",2173.61151434517,59.04,"Tank12","Tank"
"20180623_Tank10",2176.28535848214,59.2,"Tank10","Tank"
"20180623_Tank15",2177.34504623611,59.15,"Tank15","Tank"
"20180623_Conical16",2175.73203268706,59.28,"Conical16","Conical"
"20180623_Conical18",2174.26395745117,59.21,"Conical18","Conical"
"20180623_Tank13",2172.51502675439,59.09,"Tank13","Tank"
"20180623_Conical17",2173.76100529904,59.09,"Conical17","Conical"
"20180623_Tank14",2182.61983486915,59.57,"Tank14","Tank"
