SampleID,TA,Mass,,batch149,2224.69
20180604_JUNK,2233.78334,59.9,,,
20180604_CRM1,2212.708204,59.3,,,
20180604_CRM2,2214.526587,59.86,,,
