"Sample.ID","TA","Mass","Tank","Type"
"20180628_Tank10",2192.37406590104,59.54,"Tank10","Tank"
"20180628_Tank11",2203.35619833004,59.01,"Tank11","Tank"
"20180628_Tank12",2199.43410385581,59.24,"Tank12","Tank"
"20180628_Tank13",2216.56113286828,59.29,"Tank13","Tank"
"20180628_Tank14",2206.73824077359,59.31,"Tank14","Tank"
"20180628_Tank15",2190.27813893617,59.71,"Tank15","Tank"
