"Sample.ID","TA","Mass","Tank","Type"
"20180628_Tank12",2203.48725823252,59.24,"Tank12","Tank"
"20180628_Tank11",2203.35619833004,59.01,"Tank11","Tank"
"20180628_Tank13",2197.57659919228,59.29,"Tank13","Tank"
"20180628_Tank15",2200.95310508916,59.71,"Tank15","Tank"
"20180628_Tank10",2198.2059166935,59.54,"Tank10","Tank"
"20180628_Tank14",2205.06565651488,59.31,"Tank14","Tank"
