Sample.ID,TA,Mass,Tank,Type
20180713_Tank10,2218.792095,59.99,Tank10,Tank
20180713_Tank11,2216.548975,59.89,Tank11,Tank
20180713_Tank12,2217.185877,59.67,Tank12,Tank
20180713_Tank13,2209.161891,59.11,Tank13,Tank
20180713_Tank14,2218.588284,59.4,Tank14,Tank
20180713_Tank15,2198.505458,59.99,Tank15,Tank
