"Sample.ID","TA","Mass","Tank","Type"
"20180627_Tank10",2188.5810077004,60,"Tank10","Tank"
"20180627_Tank11",2194.25589430415,59.6,"Tank11","Tank"
"20180627_Tank12",2183.05702829654,59.65,"Tank12","Tank"
"20180627_Tank13",2212.85186544916,59.45,"Tank13","Tank"
"20180627_Tank14",2192.82903755727,59.45,"Tank14","Tank"
"20180627_Tank15",2194.62458834088,59.61,"Tank15","Tank"
"20180627_Conical16",2174.56025514077,59.67,"Conical16","Conical"
"20180627_Conical17",2210.17816486207,59.16,"Conical17","Conical"
"20180627_Conical18",2199.3337771269,59.56,"Conical18","Conical"
