"Sample.ID","TA","Mass","Tank","Type"
"20180716_Tank12",2224.04078562125,59.83,"Tank12","Tank"
"20180716_Tank13",2210.94776598727,59.87,"Tank13","Tank"
"20180716_Tank15",2214.47126513254,59.31,"Tank15","Tank"
"20180716_Tank11",2225.91152488899,59.57,"Tank11","Tank"
"20180716_Tank10",2208.58007122613,59.45,"Tank10","Tank"
"20180716_Tank14",2224.20978103255,59.93,"Tank14","Tank"
