"Sample.ID","TA","Mass","Tank","Type"
"20180716_Tank10",2238.26949995119,59.45,"Tank10","Tank"
"20180716_Tank11",2222.09232362196,59.57,"Tank11","Tank"
"20180716_Tank12",2195.21252948576,59.83,"Tank12","Tank"
"20180716_Tank13",2214.74871057237,59.87,"Tank13","Tank"
"20180716_Tank14",2190.87397124385,59.93,"Tank14","Tank"
"20180716_Tank15",2247.47722178689,59.31,"Tank15","Tank"
