"Sample.ID","TA","Mass","Tank","Type"
"20180704_Tank13",2206.44922897306,59.39,"Tank13","Tank"
"20180704_Tank11",2195.36137033671,59.45,"Tank11","Tank"
"20180704_Tank10",2195.26418545312,59.43,"Tank10","Tank"
"20180704_Tank14",2198.21048111841,59.18,"Tank14","Tank"
"20180704_Tank15",2201.15068047241,59.35,"Tank15","Tank"
"20180704_Tank12",2201.90424869775,59.87,"Tank12","Tank"
