"Sample.ID","TA","Mass","Tank","Type"
"20180722_Tank13",2190.51233909595,59.52,"Tank13","Tank"
"20180722_Tank12",2185.16381038694,59.39,"Tank12","Tank"
"20180722_Tank15",2185.85463756096,59.16,"Tank15","Tank"
"20180722_Tank11",2193.64853774685,59.66,"Tank11","Tank"
"20180722_Tank10",2185.66966173024,59.51,"Tank10","Tank"
"20180722_Tank14",2193.59473878104,59.26,"Tank14","Tank"
