"Sample.ID","TA","Mass","Tank","Type"
"20180722_JUNK15",2208.42705311126,59.5,"JUNK15","JUNK"
"20180722_CRM1",2216.21092357803,59.04,"CRM1","CRM"
"20180722_CRM2",2218.30220192544,59.7,"CRM2","CRM"
