"Sample.ID","TA","Mass","Tank","Type"
"20180705_Tank10",2196.71978044132,59.54,"Tank10","Tank"
"20180705_Tank11",2201.82609322073,59.96,"Tank11","Tank"
"20180705_Tank12",2208.78502142046,59.23,"Tank12","Tank"
"20180705_Tank13",2220.89783857733,59.22,"Tank13","Tank"
"20180705_Tank14",2183.65158087557,59.77,"Tank14","Tank"
"20180705_Tank15",2211.57757053643,59.39,"Tank15","Tank"
