"Sample.ID","TA","Mass","Tank","Type"
"20180705_Tank12",2208.16677390198,59.23,"Tank12","Tank"
"20180705_Tank11",2201.82609322073,59.96,"Tank11","Tank"
"20180705_Tank15",2202.89105833517,59.39,"Tank15","Tank"
"20180705_Tank14",2200.44141837693,59.77,"Tank14","Tank"
"20180705_Tank13",2203.95027365358,59.22,"Tank13","Tank"
"20180705_Tank10",2206.00142803224,59.54,"Tank10","Tank"
