"Sample.ID","TA","Mass","Tank","Type"
"20180701_Tank10",2217.0161593561,59.79,"Tank10","Tank"
"20180701_Tank11",2218.14699081664,59.86,"Tank11","Tank"
"20180701_Tank12",2206.0225721883,59.97,"Tank12","Tank"
"20180701_Tank13",2207.1909787182,59.94,"Tank13","Tank"
"20180701_Tank14",2215.75437417072,59.66,"Tank14","Tank"
"20180701_Tank15",2197.0513227516,59.88,"Tank15","Tank"
