"Sample.ID","TA","Mass","Tank","Type"
"20180626_Tank10",2216.83829977752,59.02,"Tank10","Tank"
"20180626_Tank11",2173.48735824823,59.46,"Tank11","Tank"
"20180626_Tank12",2189.82040994011,59.13,"Tank12","Tank"
"20180626_Tank13",2180.09775400688,59.19,"Tank13","Tank"
"20180626_Tank14",2193.77514034461,59.06,"Tank14","Tank"
"20180626_Tank15",2196.69234957959,59.08,"Tank15","Tank"
"20180626_Conical16",2193.65519765198,59,"Conical16","Conical"
"20180626_Conical17",2186.46839099478,59.13,"Conical17","Conical"
"20180626_Conical18",2191.61722015136,59.24,"Conical18","Conical"
