"Sample.ID","TA","Mass","Tank","Type"
"20180626_Tank11",2200.42182680244,59.46,"Tank11","Tank"
"20180626_Conical18",2181.57399694317,59.24,"Conical18","Conical"
"20180626_Tank13",2187.59609632241,59.19,"Tank13","Tank"
"20180626_Conical16",2187.12987259966,59,"Conical16","Conical"
"20180626_Tank10",2195.25830154346,59.02,"Tank10","Tank"
"20180626_Tank14",2197.44129666816,59.06,"Tank14","Tank"
"20180626_Tank15",2190.67536272606,59.08,"Tank15","Tank"
"20180626_Conical17",2186.46839100592,59.13,"Conical17","Conical"
"20180626_Tank12",2195.69189589659,59.13,"Tank12","Tank"
