"Sample.ID","TA","Mass","Tank","Type"
"20180630_Tank10",2212.26295805599,59.63,"Tank10","Tank"
"20180630_Tank12",2203.7969023309,59.51,"Tank12","Tank"
"20180630_Tank14",2222.1094906028,59.38,"Tank14","Tank"
"20180630_Tank11",2220.94624812817,59.21,"Tank11","Tank"
"20180630_Tank15",2213.9312350915,59.37,"Tank15","Tank"
"20180630_Tank13",2212.73747918232,59.26,"Tank13","Tank"
