"Sample.ID","TA","Mass","Tank","Type"
"20180630_Tank10",2212.26295805599,59.63,"Tank10","Tank"
"20180630_Tank11",2214.97445814395,59.21,"Tank11","Tank"
"20180630_Tank12",2217.24876630771,59.51,"Tank12","Tank"
"20180630_Tank13",2219.07142028324,59.26,"Tank13","Tank"
"20180630_Tank14",2213.56003176498,59.38,"Tank14","Tank"
"20180630_Tank15",2208.63133989242,59.37,"Tank15","Tank"
