"Sample.ID","TA","Mass","Tank","Type"
"20180718_Tank12",2211.37400503011,59.06,"Tank12","Tank"
"20180718_Tank14",2228.41393785769,59.34,"Tank14","Tank"
"20180718_Tank10",2204.38496388379,59.9,"Tank10","Tank"
"20180718_Tank15",2207.44339967757,59.48,"Tank15","Tank"
"20180718_Tank11",2220.55488664376,59.69,"Tank11","Tank"
"20180718_Tank13",2209.97403717593,59.44,"Tank13","Tank"
