"Sample.ID","TA","Mass","Tank","Type"
"20180718_Tank10",2180.33867723937,59.9,"Tank10","Tank"
"20180718_Tank11",2215.34808106049,59.69,"Tank11","Tank"
"20180718_Tank12",2235.76088668872,59.06,"Tank12","Tank"
"20180718_Tank13",2208.92772402821,59.44,"Tank13","Tank"
"20180718_Tank14",2233.6517973904,59.34,"Tank14","Tank"
"20180718_Tank15",2208.48895009107,59.48,"Tank15","Tank"
