Sample.ID,TA,Mass,Tank,Type
20180712_Tank10,2211.661155,59.07,Tank10,Tank
20180712_Tank11,2204.357584,59.84,Tank11,Tank
20180712_Tank12,2228.789087,59.41,Tank12,Tank
20180712_Tank13,2209.985867,59.32,Tank13,Tank
20180712_Tank14,2217.547846,59.61,Tank14,Tank
20180712_Tank15,2200.390423,59.69,Tank15,Tank
