"Sample.ID","TA","Mass","Tank","Type"
"20180712_Tank10",2211.66115460638,59.07,"Tank10","Tank"
"20180712_Tank14",2212.86912068031,59.61,"Tank14","Tank"
"20180712_Tank11",2212.7599841823,59.84,"Tank11","Tank"
"20180712_Tank13",2209.98586724283,59.32,"Tank13","Tank"
"20180712_Tank15",2214.57414638703,59.69,"Tank15","Tank"
"20180712_Tank12",2210.76922785695,59.41,"Tank12","Tank"
