"Sample.ID","TA","Mass","Tank","Type"
"20180712_JUNK15",2237.52653026041,59.58,"JUNK15","JUNK"
"20180712_CRM1",2250.75544483066,59.51,"CRM1","CRM"
"20180712_CRM2",2252.24172052969,59.97,"CRM2","CRM"
