"Sample.ID","TA","Mass","Tank","Type"
"20180712_Tank10",2211.66115460638,59.07,"Tank10","Tank"
"20180712_Tank11",2204.35758399961,59.84,"Tank11","Tank"
"20180712_Tank12",2228.78908711209,59.41,"Tank12","Tank"
"20180712_Tank13",2209.98586724283,59.32,"Tank13","Tank"
"20180712_Tank14",2217.54784615296,59.61,"Tank14","Tank"
"20180712_Tank15",2200.3904231075,59.69,"Tank15","Tank"
