"Sample.ID","TA","Mass","Tank","Type"
"20180714_Tank10",2203.22428397776,59.51,"Tank10","Tank"
"20180714_Tank15",2210.85424618877,59.7,"Tank15","Tank"
"20180714_Tank11",2213.47619468124,60,"Tank11","Tank"
"20180714_Tank13",2204.89712244118,59.25,"Tank13","Tank"
"20180714_Tank14",2221.41426721666,59.59,"Tank14","Tank"
"20180714_Tank12",2203.74564137435,59.01,"Tank12","Tank"
