"Sample.ID","TA","Mass","Tank","Type"
"20180629_Tank10",2230.11704085825,59.02,"Tank10","Tank"
"20180629_Tank11",2215.03465914567,59.75,"Tank11","Tank"
"20180629_Tank12",2194.75327451431,59.38,"Tank12","Tank"
"20180629_Tank13",2209.1905110347,59.88,"Tank13","Tank"
"20180629_Tank14",2212.07553026749,59.39,"Tank14","Tank"
"20180629_Tank15",2210.22620927138,59.37,"Tank15","Tank"
