"Sample.ID","TA","Mass","Tank","Type"
"20180629_Tank14",2216.20712672294,59.39,"Tank14","Tank"
"20180629_Tank11",2215.03465911585,59.75,"Tank11","Tank"
"20180629_Tank10",2208.15615628816,59.02,"Tank10","Tank"
"20180629_Tank13",2209.1905110347,59.88,"Tank13","Tank"
"20180629_Tank15",2212.82221719868,59.37,"Tank15","Tank"
"20180629_Tank12",2209.8521881372,59.38,"Tank12","Tank"
