"Sample.ID","TA","Mass","Tank","Type"
"20180720_Tank15",2181.15697324132,59.28,"Tank15","Tank"
"20180720_Tank11",2188.59438807473,59.06,"Tank11","Tank"
"20180720_Tank12",2179.07307736891,59.34,"Tank12","Tank"
"20180720_Tank13",2178.96729245905,59.46,"Tank13","Tank"
"20180720_Tank10",2173.7145276189,59.74,"Tank10","Tank"
"20180720_Tank14",2193.48820429348,59.11,"Tank14","Tank"
