Sample.ID,TA,Mass,Tank,Type
20180708_Tank10,2170.528667,59.47,Tank10,Tank
20180708_Tank11,2151.002454,59.82,Tank11,Tank
20180708_Tank12,2195.563671,59.36,Tank12,Tank
20180708_Tank13,2149.904405,59.98,Tank13,Tank
20180708_Tank14,2176.807676,59.72,Tank14,Tank
20180708_Tank15,2177.772826,59.43,Tank15,Tank
