"Sample.ID","TA","Mass","Tank","Type"
"20180708_Tank10",2170.52866739718,59.47,"Tank10","Tank"
"20180708_Tank11",2151.00245353805,59.82,"Tank11","Tank"
"20180708_Tank12",2195.56367082942,59.36,"Tank12","Tank"
"20180708_Tank13",2149.9044048059,59.98,"Tank13","Tank"
"20180708_Tank14",2176.80767630952,59.72,"Tank14","Tank"
"20180708_Tank15",2177.77282601863,59.43,"Tank15","Tank"
