"Sample.ID","TA","Mass","Tank","Type"
"20180708_Tank12",2174.55583018981,59.36,"Tank12","Tank"
"20180708_Tank10",2163.6732465304,59.47,"Tank10","Tank"
"20180708_Tank11",2178.66356767475,59.82,"Tank11","Tank"
"20180708_Tank15",2169.81784808724,59.43,"Tank15","Tank"
"20180708_Tank13",2167.36017136905,59.98,"Tank13","Tank"
"20180708_Tank14",2167.19131819974,59.72,"Tank14","Tank"
