Sample.ID,TA,Mass,Tank,Type
20180709_Tank10,2139.146661,59.15,Tank10,Tank
20180709_Tank11,2157.284583,59.27,Tank11,Tank
20180709_Tank12,2127.449789,59.64,Tank12,Tank
20180709_Tank13,2125.210075,59.82,Tank13,Tank
20180709_Tank14,2125.824968,59.58,Tank14,Tank
20180709_Tank15,2101.784705,59.67,Tank15,Tank
