"Sample.ID","TA","Mass","Tank","Type"
"20180709_Tank12",2121.52792417517,59.64,"Tank12","Tank"
"20180709_Tank15",2142.78054172058,59.67,"Tank15","Tank"
"20180709_Tank11",2140.760382374,59.27,"Tank11","Tank"
"20180709_Tank14",2133.79141332565,59.58,"Tank14","Tank"
"20180709_Tank13",2117.27560173261,59.82,"Tank13","Tank"
"20180709_Tank10",2120.30851382493,59.15,"Tank10","Tank"
