"Sample.ID","TA","Mass","Tank","Type"
"20180709_JUNK15",2214.65591871161,59.78,"JUNK15","JUNK"
"20180709_CRM1",2182.63559200804,59.42,"CRM1","CRM"
"20180709_CRM2",2178.02997959776,59.3,"CRM2","CRM"
