"Sample.ID","TA","Mass","Tank","Type"
"20180709_JUNK15",2202.43677482363,59.87,"JUNK15","JUNK"
"20180709_CRM1",2064.79805718619,59.24,"CRM1","CRM"
"20180709_CRM2",2215.78794273199,59.56,"CRM2","CRM"
