"Sample.ID","TA","Mass","Tank","Type"
"20180709_Tank10",2139.14666065389,59.15,"Tank10","Tank"
"20180709_Tank11",2157.28458295163,59.27,"Tank11","Tank"
"20180709_Tank12",2127.44978851657,59.64,"Tank12","Tank"
"20180709_Tank13",2125.21007524024,59.82,"Tank13","Tank"
"20180709_Tank14",2125.82496829765,59.58,"Tank14","Tank"
"20180709_Tank15",2101.78470528533,59.67,"Tank15","Tank"
