"Sample.ID","TA","Mass","Tank","Type"
"20180710_Tank13",2204.93824926696,59.49,"Tank13","Tank"
"20180710_Tank10",2193.98705609299,59.82,"Tank10","Tank"
"20180710_Tank15",2201.26329663823,59.83,"Tank15","Tank"
"20180710_Tank11",2198.43511360925,59.08,"Tank11","Tank"
"20180710_Tank14",2199.73006057977,59.11,"Tank14","Tank"
"20180710_Tank12",2203.40012708774,59.13,"Tank12","Tank"
