"Sample.ID","TA","Mass","Tank","Type"
"20180710_JUNK15",2241.16311393192,59.97,"JUNK15","JUNK"
"20180710_CRM1",2252.19703023949,59.92,"CRM1","CRM"
"20180710_CRM2",2250.49410589473,59.99,"CRM2","CRM"
