"Sample.ID","TA","Mass","Tank","Type"
"20180710_Tank10",2192.76789041516,59.82,"Tank10","Tank"
"20180710_Tank11",2221.49137445767,59.08,"Tank11","Tank"
"20180710_Tank12",2227.3491763701,59.13,"Tank12","Tank"
"20180710_Tank13",2183.26838558268,59.49,"Tank13","Tank"
"20180710_Tank14",2199.73006057977,59.11,"Tank14","Tank"
"20180710_Tank15",2177.59687852102,59.83,"Tank15","Tank"
