"Sample.ID","TA","Mass","Tank","Type"
"20180711_Tank11",2213.00555985777,59.66,"Tank11","Tank"
"20180711_Tank13",2207.96809962254,59.11,"Tank13","Tank"
"20180711_Tank10",2203.10906827906,59.39,"Tank10","Tank"
"20180711_Tank12",2205.68584325617,59.91,"Tank12","Tank"
"20180711_Tank14",2208.83862074308,59.32,"Tank14","Tank"
"20180711_Tank15",2203.99159581074,59.73,"Tank15","Tank"
