"Sample.ID","TA","Mass","Tank","Type"
"20180711_Tank10",2223.07449677986,59.39,"Tank10","Tank"
"20180711_Tank11",2187.59904943087,59.66,"Tank11","Tank"
"20180711_Tank12",2183.97422019971,59.91,"Tank12","Tank"
"20180711_Tank13",2235.55694309436,59.11,"Tank13","Tank"
"20180711_Tank14",2208.83862074308,59.32,"Tank14","Tank"
"20180711_Tank15",2203.99159581074,59.73,"Tank15","Tank"
