"Sample.ID","TA","Mass","Tank","Type"
"20180711_JUNK15",2236.72233990425,59.02,"JUNK15","JUNK"
"20180711_CRM1",2255.65031809566,59.39,"CRM1","CRM"
"20180711_CRM2",2255.00529583858,59.99,"CRM2","CRM"
