"Sample.ID","TA","Mass","Tank","Type"
"20180715_Tank10",2207.65230922033,59.65,"Tank10","Tank"
"20180715_Tank11",2207.04178912915,59.99,"Tank11","Tank"
"20180715_Tank12",2242.32824081462,59.24,"Tank12","Tank"
"20180715_Tank13",2207.39075379715,59.55,"Tank13","Tank"
"20180715_Tank14",2211.64138155416,59.51,"Tank14","Tank"
"20180715_Tank15",2196.44928648727,59.45,"Tank15","Tank"
